<?xml version="1.0" encoding="UTF-8"?>
<project-private xmlns="http://www.netbeans.org/ns/project-private/1">
    <editor-bookmarks xmlns="http://www.netbeans.org/ns/editor-bookmarks/2" lastBookmarkId="0"/>
    <open-files xmlns="http://www.netbeans.org/ns/projectui-open-files/2">
        <group>
            <file>file:/C:/Users/duran/OneDrive/Escritorio/magicFinal3.0/magicFinal/src/magicfinal/cuentaLogin.java</file>
            <file>file:/C:/Users/duran/OneDrive/Escritorio/magicFinal3.0/magicFinal/src/magicfinal/inicio.java</file>
            <file>file:/C:/Users/duran/OneDrive/Escritorio/magicFinal3.0/magicFinal/src/magicfinal/pantallaNivel3.java</file>
            <file>file:/C:/Users/duran/OneDrive/Escritorio/magicFinal3.0/magicFinal/src/magicfinal/LoginNuevoUsuario.java</file>
            <file>file:/C:/Users/duran/OneDrive/Escritorio/magicFinal3.0/magicFinal/src/paquete1/cuentaIngresar.java</file>
            <file>file:/C:/Users/duran/OneDrive/Escritorio/magicFinal3.0/magicFinal/src/magicfinal/pantallaNivel1.java</file>
            <file>file:/C:/Users/duran/OneDrive/Escritorio/magicFinal3.0/magicFinal/src/magicfinal/pantallaNivel2.java</file>
            <file>file:/C:/Users/duran/OneDrive/Escritorio/magicFinal3.0/magicFinal/src/magicfinal/MagicFinal.java</file>
        </group>
    </open-files>
</project-private>
